Time,Activity,Type
08.30 – 08.35,Indonesia Raya,Opening
08.35 – 08.40,Mars Maybank & Maybank Finance,Opening
08.40 – 08.50,Welcoming Speech dari Direksi,Speech
08.50 – 09.00,Welcoming Speech dari Kadiv / Dept Head,Speech
09.00 – 09.30,Presentasi 1 – Department Audit,Presentation
09.30 – 10.00,Presentasi 2 – Department IC,Presentation
10.00 – 10.15,Coffee Break,Break
10.15 – 10.45,Presentasi 3 – Department Risk,Presentation
10.45 – 11.15,Presentasi 4 – Department HC & GA,Presentation
11.15 – 12.00,Presentasi 5 – Department Legal,Presentation
12.00 – 13.00,Lunch Break,Break
13.00 – 14.00,Discussion Together,Discussion
14.00 – 14.15,Presentasi 6 – Department Operation (CS & CC),Presentation
14.15 – 14.45,Discussion Session 1,Discussion
14.45 – 15.00,Presentasi 7 – Department Operation (SOP),Presentation
15.00 – 15.30,Coffee Break,Break
15.30 – 15.45,Discussion Session 2,Discussion
15.45 – 16.15,Presentasi 8 – Department Operation (BPKB),Presentation
16.15 – 16.30,Discussion Session 3,Discussion
16.30 – 16.45,Presentasi 9 – Department Operation (Kasir),Presentation
16.45 – 17.15,Discussion Session 4,Discussion
17.15 – 17.30,Closing + Photo session,Closing
17.30 – 18.30,Preparation to Dinner,Dinner
18.30 – 21.00,Employee Engagement Dinner + Photo session,Dinner
